<manifest><control namespace="propcf" constructor="pcffield" version="0.0.4" display-name-key="pcffield" description-key="pcffield description" control-type="standard" api-version="1.3.2"><external-service-usage enabled="false" /><type-group name="strings"><type>SingleLine.Text</type><type>SingleLine.Email</type><type>SingleLine.Phone</type><type>SingleLine.TextArea</type><type>SingleLine.Ticker</type><type>SingleLine.URL</type><type>Multiple</type></type-group><type-group name="dates"><type>DateAndTime.DateAndTime</type><type>DateAndTime.DateOnly</type></type-group><type-group name="numbers"><type>Whole.None</type><type>Currency</type><type>FP</type><type>Decimal</type></type-group><property name="textField" display-name-key="Text Field" description-key="Text Field" of-type="SingleLine.Text" usage="bound" required="true" /><property name="inputField" display-name-key="Input Text Field" description-key="Input Text Field" of-type-group="strings" usage="input" required="false" /><property name="textField2" display-name-key="Text Field 2" description-key="Text Field 2" of-type-group="strings" usage="bound" required="false" /><property name="numberField" display-name-key="Number Field" description-key="Number Field" of-type-group="numbers" usage="bound" required="false" /><property name="dateField" display-name-key="Date Field" description-key="Date Field" of-type-group="dates" usage="bound" required="false" /><property name="optionSetField" display-name-key="OptionSet Field" description-key="OptionSet Field" of-type="OptionSet" usage="bound" required="false" /><property name="confgiValue" display-name-key="Config Value" description-key="Config Value" of-type="Enum" usage="input" required="false"><value name="yes" display-name-key="Yes">Yes</value><value name="no" display-name-key="No">No</value></property><resources><code path="bundle.js" order="1" /></resources><built-by name="pac" version="1.8.6" /></control></manifest>