<manifest><control namespace="propcf" constructor="pcfdataset" version="0.0.5" display-name-key="Control_Display_Name_Key" description-key="Control_Display_Description_Key" control-type="standard" api-version="1.3.2"><external-service-usage enabled="false" /><type-group name="strings"><type>SingleLine.Text</type><type>SingleLine.Email</type><type>SingleLine.Phone</type><type>SingleLine.TextArea</type><type>SingleLine.Ticker</type><type>SingleLine.URL</type><type>Multiple</type></type-group><type-group name="dates"><type>DateAndTime.DateAndTime</type><type>DateAndTime.DateOnly</type></type-group><type-group name="numbers"><type>Whole.None</type><type>Currency</type><type>FP</type><type>Decimal</type></type-group><data-set name="dataset" display-name-key="Dataset" cds-data-set-options="displayCommandBar:true;displayViewSelector:true;displayQuickFind:true"><property-set name="textField" display-name-key="Property_Display_Key_textField" description-key="Property_Desc_Key" of-type-group="strings" usage="bound" required="true" /><property-set name="dateField" display-name-key="Property_Display_Key_dateField" description-key="Property_Desc_Key" of-type-group="dates" usage="bound" required="true" /><property-set name="numberField" display-name-key="Property_Display_Key_numberField" description-key="Property_Desc_Key" of-type-group="numbers" usage="bound" required="true" /><property-set name="optionSetField" display-name-key="Property_Display_Key_optionSetField" description-key="Property_Desc_Key" of-type="OptionSet" usage="bound" required="true" /><property-set name="inputField" display-name-key="Property_Display_Key_inputField" description-key="Property_Desc_Key" of-type-group="strings" usage="input" required="true" /></data-set><resources><code path="bundle.js" order="1" /><resx path="strings/pcfdataset.1033.resx" version="1.0.0" /><css path="css/pcfdataset.css" order="1" /></resources><built-by name="pac" version="1.8.6" /></control></manifest>